Simulation_number,Number_of_classes,BLRT_p_value
1,1,0
1,2,0
1,3,0
1,4,0
1,5,0.816
1,6,0.874
2,1,0
2,2,0
2,3,0
2,4,0
2,5,0.674
2,6,0.512
3,1,0
3,2,0
3,3,0
3,4,0
3,5,0.046
3,6,0.636
4,1,0
4,2,0
4,3,0
4,4,0
4,5,0.584
4,6,0.8020000000000001
5,1,0
5,2,0
5,3,0
5,4,0
5,5,0.002
5,6,0.182
6,1,0
6,2,0
6,3,0
6,4,0
6,5,0.066
6,6,0.248
7,1,0
7,2,0
7,3,0
7,4,0
7,5,0.952
7,6,0.884
8,1,0
8,2,0
8,3,0
8,4,0
8,5,0.724
8,6,0.534
9,1,0
9,2,0
9,3,0
9,4,0
9,5,0.748
9,6,0.74
10,1,0
10,2,0
10,3,0
10,4,0
10,5,0.89
10,6,0.718
11,1,0
11,2,0
11,3,0
11,4,0
11,5,0.132
11,6,0.346
12,1,0
12,2,0
12,3,0
12,4,0
12,5,0.102
12,6,0.64
13,1,0
13,2,0
13,3,0
13,4,0
13,5,0.062
13,6,0.868
14,1,0
14,2,0
14,3,0
14,4,0
14,5,0.126
14,6,0.846
15,1,0
15,2,0
15,3,0
15,4,0
15,5,0.634
15,6,0.9300000000000001
16,1,0
16,2,0
16,3,0
16,4,0
16,5,0.764
16,6,0.57
17,1,0
17,2,0
17,3,0
17,4,0
17,5,0.052
17,6,0.746
18,1,0
18,2,0
18,3,0
18,4,0
18,5,0.096
18,6,0.228
19,1,0
19,2,0
19,3,0
19,4,0
19,5,0.77
19,6,0.85
20,1,0
20,2,0
20,3,0
20,4,0
20,5,0.118
20,6,0.728
21,1,0
21,2,0
21,3,0
21,4,0
21,5,0.356
21,6,0.718
22,1,0
22,2,0
22,3,0
22,4,0
22,5,0.49
22,6,0.626
23,1,0
23,2,0
23,3,0
23,4,0
23,5,0.142
23,6,0.6860000000000001
24,1,0
24,2,0
24,3,0
24,4,0
24,5,0.6879999999999999
24,6,0.788
25,1,0
25,2,0
25,3,0
25,4,0
25,5,0.118
25,6,0.254
26,1,0
26,2,0
26,3,0
26,4,0
26,5,0.29
26,6,0.726
27,1,0
27,2,0
27,3,0
27,4,0
27,5,0.29
27,6,0.354
28,1,0
28,2,0
28,3,0
28,4,0
28,5,0.714
28,6,0.824
29,1,0
29,2,0
29,3,0
29,4,0
29,5,0.058
29,6,0.486
30,1,0
30,2,0
30,3,0
30,4,0
30,5,0.39
30,6,0.5580000000000001
31,1,0
31,2,0
31,3,0
31,4,0
31,5,0.078
31,6,0.504
32,1,0
32,2,0
32,3,0
32,4,0
32,5,0.286
32,6,0.166
33,1,0
33,2,0
33,3,0
33,4,0
33,5,0.01
33,6,0.052
34,1,0
34,2,0
34,3,0
34,4,0
34,5,0.244
34,6,0.878
35,1,0
35,2,0
35,3,0
35,4,0
35,5,0.382
35,6,0.424
36,1,0
36,2,0
36,3,0
36,4,0
36,5,0.024
36,6,0.6879999999999999
37,1,0
37,2,0
37,3,0
37,4,0
37,5,0.172
37,6,0.054
38,1,0
38,2,0
38,3,0
38,4,0
38,5,0.216
38,6,0.274
39,1,0
39,2,0
39,3,0
39,4,0
39,5,0.014
39,6,0.346
40,1,0
40,2,0
40,3,0
40,4,0
40,5,0.074
40,6,0.9
41,1,0
41,2,0
41,3,0
41,4,0
41,5,0.704
41,6,0.492
42,1,0
42,2,0
42,3,0
42,4,0
42,5,0.2
42,6,0.824
43,1,0
43,2,0
43,3,0
43,4,0
43,5,0.042
43,6,0.226
44,1,0
44,2,0
44,3,0
44,4,0
44,5,0.218
44,6,0.988
45,1,0
45,2,0
45,3,0
45,4,0
45,5,0.468
45,6,0.592
46,1,0
46,2,0
46,3,0
46,4,0
46,5,0.106
46,6,0.7
47,1,0
47,2,0
47,3,0
47,4,0
47,5,0.43
47,6,0.428
48,1,0
48,2,0
48,3,0
48,4,0
48,5,0.004
48,6,0.22
49,1,0
49,2,0
49,3,0
49,4,0
49,5,0.032
49,6,0.86
50,1,0
50,2,0
50,3,0
50,4,0
50,5,0.452
50,6,0.844
51,1,0
51,2,0
51,3,0
51,4,0
51,5,0.028
51,6,0.248
52,1,0
52,2,0
52,3,0
52,4,0
52,5,0.652
52,6,0.75
53,1,0
53,2,0
53,3,0
53,4,0
53,5,0.01
53,6,0.256
54,1,0
54,2,0
54,3,0
54,4,0
54,5,0.214
54,6,0.768
55,1,0
55,2,0
55,3,0
55,4,0
55,5,0.5
55,6,0.738
56,1,0
56,2,0
56,3,0
56,4,0
56,5,0.6800000000000001
56,6,0.762
57,1,0
57,2,0
57,3,0
57,4,0
57,5,0.24
57,6,0.344
58,1,0
58,2,0
58,3,0
58,4,0
58,5,0.014
58,6,0.718
59,1,0
59,2,0
59,3,0
59,4,0
59,5,0.03
59,6,0.9360000000000001
60,1,0
60,2,0
60,3,0
60,4,0
60,5,0.038
60,6,0.728
61,1,0
61,2,0
61,3,0
61,4,0
61,5,0.07000000000000001
61,6,0.296
62,1,0
62,2,0
62,3,0
62,4,0
62,5,0.014
62,6,0.454
63,1,0
63,2,0
63,3,0
63,4,0
63,5,0.06
63,6,0.968
64,1,0
64,2,0
64,3,0
64,4,0
64,5,0.574
64,6,0.992
65,1,0
65,2,0
65,3,0
65,4,0
65,5,0.166
65,6,0.538
66,1,0
66,2,0
66,3,0
66,4,0
66,5,0.38
66,6,0.864
67,1,0
67,2,0
67,3,0
67,4,0
67,5,0.024
67,6,0.244
68,1,0
68,2,0
68,3,0
68,4,0
68,5,0.25
68,6,0.462
69,1,0
69,2,0
69,3,0
69,4,0
69,5,0.036
69,6,0.6840000000000001
70,1,0
70,2,0
70,3,0
70,4,0
70,5,0.202
70,6,0.924
71,1,0
71,2,0
71,3,0
71,4,0
71,5,0.518
71,6,0.57
72,1,0
72,2,0
72,3,0
72,4,0
72,5,0.426
72,6,0.354
73,1,0
73,2,0
73,3,0
73,4,0
73,5,0.568
73,6,0.642
74,1,0
74,2,0
74,3,0
74,4,0
74,5,0.272
74,6,0.224
75,1,0
75,2,0
75,3,0
75,4,0
75,5,0.742
75,6,0.724
76,1,0
76,2,0
76,3,0
76,4,0
76,5,0.082
76,6,0.2
77,1,0
77,2,0
77,3,0
77,4,0
77,5,0.174
77,6,0.604
78,1,0
78,2,0
78,3,0
78,4,0
78,5,0
78,6,0.642
79,1,0
79,2,0
79,3,0
79,4,0
79,5,0.214
79,6,0.118
80,1,0
80,2,0
80,3,0
80,4,0
80,5,0.728
80,6,0.694
81,1,0
81,2,0
81,3,0
81,4,0
81,5,0.12
81,6,0.214
82,1,0
82,2,0
82,3,0
82,4,0
82,5,0.856
82,6,0.88
83,1,0
83,2,0
83,3,0
83,4,0
83,5,0.066
83,6,0.174
84,1,0
84,2,0
84,3,0
84,4,0
84,5,0.95
84,6,0.952
85,1,0
85,2,0
85,3,0
85,4,0
85,5,0.666
85,6,0.702
86,1,0
86,2,0
86,3,0
86,4,0
86,5,0.028
86,6,0.65
87,1,0
87,2,0
87,3,0
87,4,0
87,5,0.012
87,6,0.702
88,1,0
88,2,0
88,3,0
88,4,0
88,5,0.966
88,6,0.728
89,1,0
89,2,0
89,3,0
89,4,0
89,5,0.154
89,6,0.462
90,1,0
90,2,0
90,3,0
90,4,0
90,5,0.022
90,6,0.216
91,1,0
91,2,0
91,3,0
91,4,0
91,5,0.198
91,6,0.616
92,1,0
92,2,0
92,3,0
92,4,0
92,5,0.344
92,6,0.712
93,1,0
93,2,0
93,3,0
93,4,0
93,5,0.026
93,6,0.462
94,1,0
94,2,0
94,3,0
94,4,0
94,5,0.04
94,6,0.894
95,1,0
95,2,0
95,3,0
95,4,0
95,5,0.6840000000000001
95,6,0.614
96,1,0
96,2,0
96,3,0
96,4,0
96,5,0.264
96,6,0.672
97,1,0
97,2,0
97,3,0
97,4,0
97,5,0.254
97,6,0.314
98,1,0
98,2,0
98,3,0
98,4,0
98,5,0.3
98,6,0.6840000000000001
99,1,0
99,2,0
99,3,0
99,4,0
99,5,0.216
99,6,0.148
100,1,0
100,2,0
100,3,0
100,4,0
100,5,0.374
100,6,0.878
101,1,0
101,2,0
101,3,0
101,4,0
101,5,0.082
101,6,0.306
102,1,0
102,2,0
102,3,0
102,4,0
102,5,0.208
102,6,0.64
103,1,0
103,2,0
103,3,0
103,4,0
103,5,0.078
103,6,0.816
104,1,0
104,2,0
104,3,0
104,4,0
104,5,0.532
104,6,0.6800000000000001
105,1,0
105,2,0
105,3,0
105,4,0
105,5,0.7
105,6,0.85
106,1,0
106,2,0
106,3,0
106,4,0
106,5,0.72
106,6,0.598
107,1,0
107,2,0
107,3,0
107,4,0
107,5,0.078
107,6,0.094
108,1,0
108,2,0
108,3,0
108,4,0
108,5,0.582
108,6,0.722
109,1,0
109,2,0
109,3,0
109,4,0
109,5,0.07000000000000001
109,6,0.238
110,1,0
110,2,0
110,3,0
110,4,0
110,5,0.182
110,6,0.944
111,1,0
111,2,0
111,3,0
111,4,0
111,5,0.096
111,6,0.37
112,1,0
112,2,0
112,3,0
112,4,0
112,5,0.376
112,6,0.536
113,1,0
113,2,0
113,3,0
113,4,0
113,5,0.408
113,6,0.31
114,1,0
114,2,0
114,3,0
114,4,0
114,5,0.334
114,6,0.794
115,1,0
115,2,0
115,3,0
115,4,0
115,5,0.694
115,6,0.94
116,1,0
116,2,0
116,3,0
116,4,0
116,5,0.526
116,6,0.788
117,1,0
117,2,0
117,3,0
117,4,0
117,5,0.5520000000000001
117,6,0.372
118,1,0
118,2,0
118,3,0
118,4,0
118,5,0.236
118,6,0.55
119,1,0
119,2,0
119,3,0
119,4,0
119,5,0.72
119,6,0.814
120,1,0
120,2,0
120,3,0
120,4,0
120,5,0.08400000000000001
120,6,0.494
121,1,0
121,2,0
121,3,0
121,4,0
121,5,0
121,6,0.766
122,1,0
122,2,0
122,3,0
122,4,0
122,5,0.528
122,6,0.18
123,1,0
123,2,0
123,3,0
123,4,0
123,5,0.304
123,6,0.834
124,1,0
124,2,0
124,3,0
124,4,0
124,5,0.246
124,6,0.362
125,1,0
125,2,0
125,3,0
125,4,0
125,5,0.118
125,6,0.226
126,1,0
126,2,0
126,3,0
126,4,0
126,5,0.3
126,6,0.372
127,1,0
127,2,0
127,3,0
127,4,0
127,5,0.124
127,6,0.632
128,1,0
128,2,0
128,3,0
128,4,0
128,5,0.488
128,6,0.668
129,1,0
129,2,0
129,3,0
129,4,0
129,5,0.61
129,6,0.418
130,1,0
130,2,0
130,3,0
130,4,0
130,5,0.056
130,6,0.426
131,1,0
131,2,0
131,3,0
131,4,0
131,5,0.298
131,6,0.578
132,1,0
132,2,0
132,3,0
132,4,0
132,5,0.07000000000000001
132,6,0.88
133,1,0
133,2,0
133,3,0
133,4,0
133,5,0.006
133,6,0.722
134,1,0
134,2,0
134,3,0
134,4,0
134,5,0.424
134,6,0.582
135,1,0
135,2,0
135,3,0
135,4,0
135,5,0.458
135,6,0.696
136,1,0
136,2,0
136,3,0
136,4,0
136,5,0.116
136,6,0.204
137,1,0
137,2,0
137,3,0
137,4,0
137,5,0.828
137,6,0.876
138,1,0
138,2,0
138,3,0
138,4,0
138,5,0.838
138,6,0.606
139,1,0
139,2,0
139,3,0
139,4,0
139,5,0.08400000000000001
139,6,0.498
140,1,0
140,2,0
140,3,0
140,4,0
140,5,0.094
140,6,0.314
141,1,0
141,2,0
141,3,0
141,4,0
141,5,0.05
141,6,0.12
142,1,0
142,2,0
142,3,0
142,4,0
142,5,0.638
142,6,0.868
143,1,0
143,2,0
143,3,0
143,4,0
143,5,0.844
143,6,0.754
144,1,0
144,2,0
144,3,0
144,4,0
144,5,0.196
144,6,0.504
145,1,0
145,2,0
145,3,0
145,4,0
145,5,0.922
145,6,0.64
146,1,0
146,2,0
146,3,0
146,4,0
146,5,0.58
146,6,0.714
147,1,0
147,2,0
147,3,0
147,4,0
147,5,0.408
147,6,0.986
148,1,0
148,2,0
148,3,0
148,4,0
148,5,0.102
148,6,0.282
149,1,0
149,2,0
149,3,0
149,4,0
149,5,0.5580000000000001
149,6,0.854
150,1,0
150,2,0
150,3,0
150,4,0
150,5,0.478
150,6,0.206
151,1,0
151,2,0
151,3,0
151,4,0
151,5,0.048
151,6,0.414
152,1,0
152,2,0
152,3,0
152,4,0
152,5,0.246
152,6,0.582
153,1,0
153,2,0
153,3,0
153,4,0
153,5,0.534
153,6,0.112
154,1,0
154,2,0
154,3,0
154,4,0
154,5,0.008
154,6,0.166
155,1,0
155,2,0
155,3,0
155,4,0
155,5,0.388
155,6,0.16
156,1,0
156,2,0
156,3,0
156,4,0
156,5,0.202
156,6,0.95
157,1,0
157,2,0
157,3,0
157,4,0
157,5,0.408
157,6,0.962
158,1,0
158,2,0
158,3,0
158,4,0
158,5,0.34
158,6,0.156
159,1,0
159,2,0
159,3,0
159,4,0
159,5,0.468
159,6,0.818
160,1,0
160,2,0
160,3,0
160,4,0
160,5,0.672
160,6,0.65
161,1,0
161,2,0
161,3,0
161,4,0
161,5,0.716
161,6,0.6760000000000001
162,1,0
162,2,0
162,3,0
162,4,0
162,5,0.308
162,6,0.692
163,1,0
163,2,0
163,3,0
163,4,0
163,5,0.302
163,6,0.408
164,1,0
164,2,0
164,3,0
164,4,0
164,5,0.434
164,6,0.298
165,1,0
165,2,0
165,3,0
165,4,0
165,5,0.206
165,6,0.952
166,1,0
166,2,0
166,3,0
166,4,0
166,5,0.872
166,6,0.414
167,1,0
167,2,0
167,3,0
167,4,0
167,5,0.04
167,6,0.3
168,1,0
168,2,0
168,3,0
168,4,0
168,5,0.836
168,6,0.732
169,1,0
169,2,0
169,3,0
169,4,0
169,5,0.326
169,6,0.264
170,1,0
170,2,0
170,3,0
170,4,0
170,5,0.042
170,6,0.524
171,1,0
171,2,0
171,3,0
171,4,0
171,5,0.544
171,6,0.9260000000000001
172,1,0
172,2,0
172,3,0
172,4,0
172,5,0.842
172,6,0.28
173,1,0
173,2,0
173,3,0
173,4,0
173,5,0.26
173,6,0.912
174,1,0
174,2,0
174,3,0
174,4,0
174,5,0.302
174,6,0.448
175,1,0
175,2,0
175,3,0
175,4,0
175,5,0.332
175,6,0.692
176,1,0
176,2,0
176,3,0
176,4,0
176,5,0.164
176,6,0.454
177,1,0
177,2,0
177,3,0
177,4,0
177,5,0.97
177,6,0.89
178,1,0
178,2,0
178,3,0
178,4,0
178,5,0.29
178,6,0.86
179,1,0
179,2,0
179,3,0
179,4,0
179,5,0.05
179,6,0.142
180,1,0
180,2,0
180,3,0
180,4,0
180,5,0.02
180,6,0.092
181,1,0
181,2,0
181,3,0
181,4,0
181,5,0.898
181,6,0.664
182,1,0
182,2,0
182,3,0
182,4,0
182,5,0.716
182,6,0.692
183,1,0
183,2,0
183,3,0
183,4,0
183,5,0.888
183,6,0.966
184,1,0
184,2,0
184,3,0
184,4,0
184,5,0.414
184,6,0.762
185,1,0
185,2,0
185,3,0
185,4,0
185,5,0.584
185,6,0.616
186,1,0
186,2,0
186,3,0
186,4,0
186,5,0.564
186,6,0.876
187,1,0
187,2,0
187,3,0
187,4,0
187,5,0.298
187,6,0.658
188,1,0
188,2,0
188,3,0
188,4,0
188,5,0.886
188,6,0.71
189,1,0
189,2,0
189,3,0
189,4,0
189,5,0.046
189,6,0.29
190,1,0
190,2,0
190,3,0
190,4,0
190,5,0.418
190,6,0.728
191,1,0
191,2,0
191,3,0
191,4,0
191,5,0.254
191,6,0.826
192,1,0
192,2,0
192,3,0
192,4,0
192,5,0.06
192,6,0.106
193,1,0
193,2,0
193,3,0
193,4,0
193,5,0.102
193,6,0.144
194,1,0
194,2,0
194,3,0
194,4,0
194,5,0.184
194,6,0.336
195,1,0
195,2,0
195,3,0
195,4,0
195,5,0.22
195,6,0.726
196,1,0
196,2,0
196,3,0
196,4,0
196,5,0.01
196,6,0.232
197,1,0
197,2,0
197,3,0
197,4,0
197,5,0.61
197,6,0.944
198,1,0
198,2,0
198,3,0
198,4,0
198,5,0.37
198,6,0.672
199,1,0
199,2,0
199,3,0
199,4,0
199,5,0.526
199,6,0.882
200,1,0
200,2,0
200,3,0
200,4,0
200,5,1
200,6,0.974
201,1,0
201,2,0
201,3,0
201,4,0
201,5,0.1
201,6,0.9280000000000001
202,1,0
202,2,0
202,3,0
202,4,0
202,5,0.11
202,6,0.468
203,1,0
203,2,0
203,3,0
203,4,0
203,5,0.36
203,6,0.908
204,1,0
204,2,0
204,3,0
204,4,0
204,5,0.38
204,6,0.24
205,1,0
205,2,0
205,3,0
205,4,0
205,5,0.11
205,6,0.366
206,1,0
206,2,0
206,3,0
206,4,0
206,5,0.05
206,6,0.2
207,1,0
207,2,0
207,3,0
207,4,0
207,5,0.016
207,6,0.488
208,1,0
208,2,0
208,3,0
208,4,0
208,5,0.13
208,6,0.504
209,1,0
209,2,0
209,3,0
209,4,0
209,5,0.142
209,6,0.252
210,1,0
210,2,0
210,3,0
210,4,0
210,5,0.538
210,6,0.54
211,1,0
211,2,0
211,3,0
211,4,0
211,5,0.458
211,6,0.754
212,1,0
212,2,0
212,3,0
212,4,0
212,5,0.174
212,6,0.236
213,1,0
213,2,0
213,3,0
213,4,0
213,5,0.272
213,6,0.27
214,1,0
214,2,0
214,3,0
214,4,0
214,5,0.134
214,6,0.296
215,1,0
215,2,0
215,3,0
215,4,0
215,5,0.108
215,6,0.26
216,1,0
216,2,0
216,3,0
216,4,0
216,5,0.056
216,6,0.494
217,1,0
217,2,0
217,3,0
217,4,0
217,5,0.104
217,6,0.276
218,1,0
218,2,0
218,3,0
218,4,0
218,5,0.232
218,6,0.6879999999999999
219,1,0
219,2,0
219,3,0
219,4,0
219,5,0.266
219,6,0.358
220,1,0
220,2,0
220,3,0
220,4,0
220,5,0.856
220,6,0.77
221,1,0
221,2,0
221,3,0
221,4,0
221,5,0.216
221,6,0.284
222,1,0
222,2,0
222,3,0
222,4,0
222,5,0.012
222,6,0.856
223,1,0
223,2,0
223,3,0
223,4,0
223,5,0.7
223,6,0.358
224,1,0
224,2,0
224,3,0
224,4,0
224,5,0.894
224,6,0.958
225,1,0
225,2,0
225,3,0
225,4,0
225,5,0.408
225,6,0.986
226,1,0
226,2,0
226,3,0
226,4,0
226,5,0.822
226,6,0.894
227,1,0
227,2,0
227,3,0
227,4,0
227,5,0.33
227,6,0.6800000000000001
228,1,0
228,2,0
228,3,0
228,4,0
228,5,0.254
228,6,0.482
229,1,0
229,2,0
229,3,0
229,4,0
229,5,0.75
229,6,0.858
230,1,0
230,2,0
230,3,0
230,4,0
230,5,0.416
230,6,0.248
231,1,0
231,2,0
231,3,0
231,4,0
231,5,0.048
231,6,0.94
232,1,0
232,2,0
232,3,0
232,4,0
232,5,0.078
232,6,0.526
233,1,0
233,2,0
233,3,0
233,4,0
233,5,0.59
233,6,0.398
234,1,0
234,2,0
234,3,0
234,4,0
234,5,0.2
234,6,0.538
235,1,0
235,2,0
235,3,0
235,4,0
235,5,0.452
235,6,0.722
236,1,0
236,2,0
236,3,0
236,4,0
236,5,0.268
236,6,0.872
237,1,0
237,2,0
237,3,0
237,4,0
237,5,0.08400000000000001
237,6,0.498
238,1,0
238,2,0
238,3,0
238,4,0
238,5,0.002
238,6,0.858
239,1,0
239,2,0
239,3,0
239,4,0
239,5,0.018
239,6,0.908
240,1,0
240,2,0
240,3,0
240,4,0
240,5,0.144
240,6,0.402
241,1,0
241,2,0
241,3,0
241,4,0
241,5,0.056
241,6,0.144
242,1,0
242,2,0
242,3,0
242,4,0
242,5,0.374
242,6,0.398
243,1,0
243,2,0
243,3,0
243,4,0
243,5,0.278
243,6,0.662
244,1,0
244,2,0
244,3,0
244,4,0
244,5,0.468
244,6,0.31
245,1,0
245,2,0
245,3,0
245,4,0
245,5,0.26
245,6,0.784
246,1,0
246,2,0
246,3,0
246,4,0
246,5,0.08
246,6,0.466
247,1,0
247,2,0
247,3,0
247,4,0
247,5,0.31
247,6,0.92
248,1,0
248,2,0
248,3,0
248,4,0
248,5,0.53
248,6,0.662
249,1,0
249,2,0
249,3,0
249,4,0
249,5,0.394
249,6,0.908
250,1,0
250,2,0
250,3,0
250,4,0
250,5,0.658
250,6,0.8040000000000001
251,1,0
251,2,0
251,3,0
251,4,0
251,5,0.014
251,6,0.326
252,1,0
252,2,0
252,3,0
252,4,0
252,5,0.116
252,6,0.992
253,1,0
253,2,0
253,3,0
253,4,0
253,5,0.296
253,6,0.782
254,1,0
254,2,0
254,3,0
254,4,0
254,5,0.452
254,6,0.768
255,1,0
255,2,0
255,3,0
255,4,0
255,5,0.522
255,6,0.714
256,1,0
256,2,0
256,3,0
256,4,0
256,5,0.506
256,6,0.656
257,1,0
257,2,0
257,3,0
257,4,0
257,5,0.698
257,6,0.356
258,1,0
258,2,0
258,3,0
258,4,0
258,5,0.15
258,6,0.762
259,1,0
259,2,0
259,3,0
259,4,0
259,5,0.864
259,6,0.532
260,1,0
260,2,0
260,3,0
260,4,0
260,5,0.056
260,6,0.038
261,1,0
261,2,0
261,3,0
261,4,0
261,5,0.004
261,6,0.172
262,1,0
262,2,0
262,3,0
262,4,0
262,5,0.132
262,6,0.352
263,1,0
263,2,0
263,3,0
263,4,0
263,5,0.37
263,6,0.948
264,1,0
264,2,0
264,3,0
264,4,0
264,5,0.004
264,6,0.87
265,1,0
265,2,0
265,3,0
265,4,0
265,5,0.192
265,6,0.386
266,1,0
266,2,0
266,3,0
266,4,0
266,5,0.022
266,6,0.156
267,1,0
267,2,0
267,3,0
267,4,0
267,5,0.03
267,6,0.844
268,1,0
268,2,0
268,3,0
268,4,0
268,5,0.162
268,6,0.392
269,1,0
269,2,0
269,3,0
269,4,0
269,5,0.878
269,6,0.986
270,1,0
270,2,0
270,3,0
270,4,0
270,5,0.942
270,6,0.874
271,1,0
271,2,0
271,3,0
271,4,0
271,5,0.656
271,6,0.354
272,1,0
272,2,0
272,3,0
272,4,0
272,5,0.8060000000000001
272,6,0.976
273,1,0
273,2,0
273,3,0
273,4,0
273,5,0
273,6,0.022
274,1,0
274,2,0
274,3,0
274,4,0
274,5,0.338
274,6,0.886
275,1,0
275,2,0
275,3,0
275,4,0
275,5,0.048
275,6,0.748
276,1,0
276,2,0
276,3,0
276,4,0
276,5,0.022
276,6,0.426
277,1,0
277,2,0
277,3,0
277,4,0
277,5,0.58
277,6,0.962
278,1,0
278,2,0
278,3,0
278,4,0
278,5,0.204
278,6,0.694
279,1,0
279,2,0
279,3,0
279,4,0
279,5,0.368
279,6,0.9260000000000001
280,1,0
280,2,0
280,3,0
280,4,0
280,5,0.088
280,6,0.394
281,1,0
281,2,0
281,3,0
281,4,0
281,5,0.38
281,6,0.586
282,1,0
282,2,0
282,3,0
282,4,0
282,5,0.85
282,6,0.94
283,1,0
283,2,0
283,3,0
283,4,0
283,5,0.186
283,6,0.322
284,1,0
284,2,0
284,3,0
284,4,0
284,5,0.71
284,6,0.904
285,1,0
285,2,0
285,3,0
285,4,0
285,5,0.298
285,6,0.582
286,1,0
286,2,0
286,3,0
286,4,0
286,5,0.168
286,6,0.334
287,1,0
287,2,0
287,3,0
287,4,0
287,5,0.284
287,6,0.738
288,1,0
288,2,0
288,3,0
288,4,0
288,5,0.142
288,6,0.184
289,1,0
289,2,0
289,3,0
289,4,0
289,5,0.154
289,6,0.9340000000000001
290,1,0
290,2,0
290,3,0
290,4,0
290,5,0.338
290,6,0.202
291,1,0
291,2,0
291,3,0
291,4,0
291,5,0.6780000000000001
291,6,0.446
292,1,0
292,2,0
292,3,0
292,4,0
292,5,0.156
292,6,0.694
293,1,0
293,2,0
293,3,0
293,4,0
293,5,0.334
293,6,0.84
294,1,0
294,2,0
294,3,0
294,4,0
294,5,0.264
294,6,0.154
295,1,0
295,2,0
295,3,0
295,4,0
295,5,0.112
295,6,0.888
296,1,0
296,2,0
296,3,0
296,4,0
296,5,0.864
296,6,0.778
297,1,0
297,2,0
297,3,0
297,4,0
297,5,0.08
297,6,0.54
298,1,0
298,2,0
298,3,0
298,4,0
298,5,0.518
298,6,0.672
299,1,0
299,2,0
299,3,0
299,4,0
299,5,0.786
299,6,0.892
300,1,0
300,2,0
300,3,0
300,4,0
300,5,0.008
300,6,0.446
301,1,0
301,2,0
301,3,0
301,4,0
301,5,0.094
301,6,0.748
302,1,0
302,2,0
302,3,0
302,4,0
302,5,0.46
302,6,0.898
303,1,0
303,2,0
303,3,0
303,4,0
303,5,0.32
303,6,0.748
304,1,0
304,2,0
304,3,0
304,4,0
304,5,0.212
304,6,0.432
305,1,0
305,2,0
305,3,0
305,4,0
305,5,0.05
305,6,0.98
306,1,0
306,2,0
306,3,0
306,4,0
306,5,0.06800000000000001
306,6,0.17
307,1,0
307,2,0
307,3,0
307,4,0
307,5,0.696
307,6,0.64
308,1,0
308,2,0
308,3,0
308,4,0
308,5,0.506
308,6,0.874
309,1,0
309,2,0
309,3,0
309,4,0
309,5,0.978
309,6,0.528
310,1,0
310,2,0
310,3,0
310,4,0
310,5,0.588
310,6,0.6
311,1,0
311,2,0
311,3,0
311,4,0
311,5,0.8080000000000001
311,6,0.84
312,1,0
312,2,0
312,3,0
312,4,0
312,5,0.344
312,6,0.96
313,1,0
313,2,0
313,3,0
313,4,0
313,5,0.186
313,6,0.658
314,1,0
314,2,0
314,3,0
314,4,0
314,5,0.056
314,6,0.396
315,1,0
315,2,0
315,3,0
315,4,0
315,5,0.088
315,6,0.472
316,1,0
316,2,0
316,3,0
316,4,0
316,5,0.024
316,6,0.134
317,1,0
317,2,0
317,3,0
317,4,0
317,5,0.046
317,6,0.886
318,1,0
318,2,0
318,3,0
318,4,0
318,5,0.038
318,6,0.572
319,1,0
319,2,0
319,3,0
319,4,0
319,5,0.386
319,6,0.598
320,1,0
320,2,0
320,3,0
320,4,0
320,5,0.51
320,6,0.452
321,1,0
321,2,0
321,3,0
321,4,0
321,5,0.052
321,6,0.192
322,1,0
322,2,0
322,3,0
322,4,0
322,5,0.094
322,6,0.102
323,1,0
323,2,0
323,3,0
323,4,0
323,5,0.038
323,6,0.154
324,1,0
324,2,0
324,3,0
324,4,0
324,5,0.34
324,6,0.912
325,1,0
325,2,0
325,3,0
325,4,0
325,5,0.856
325,6,0.61
326,1,0
326,2,0
326,3,0
326,4,0
326,5,0.736
326,6,0.848
327,1,0
327,2,0
327,3,0
327,4,0
327,5,0.426
327,6,0.406
328,1,0
328,2,0
328,3,0
328,4,0
328,5,0.07000000000000001
328,6,0.566
329,1,0
329,2,0
329,3,0
329,4,0
329,5,0.458
329,6,0.718
330,1,0
330,2,0
330,3,0
330,4,0
330,5,0.138
330,6,0.328
331,1,0
331,2,0
331,3,0
331,4,0
331,5,0.564
331,6,0.538
332,1,0
332,2,0
332,3,0
332,4,0
332,5,0.748
332,6,0.6820000000000001
333,1,0
333,2,0
333,3,0
333,4,0
333,5,0.202
333,6,0.53
334,1,0
334,2,0
334,3,0
334,4,0
334,5,0.514
334,6,0.8120000000000001
335,1,0
335,2,0
335,3,0
335,4,0
335,5,0.648
335,6,0.906
336,1,0
336,2,0
336,3,0
336,4,0
336,5,0.118
336,6,0.44
337,1,0
337,2,0
337,3,0
337,4,0
337,5,0.448
337,6,0.336
338,1,0
338,2,0
338,3,0
338,4,0
338,5,0.23
338,6,0.568
339,1,0
339,2,0
339,3,0
339,4,0
339,5,0.216
339,6,0.442
340,1,0
340,2,0
340,3,0
340,4,0
340,5,0.296
340,6,0.02
341,1,0
341,2,0
341,3,0
341,4,0
341,5,0.126
341,6,0.8120000000000001
342,1,0
342,2,0
342,3,0
342,4,0
342,5,0.118
342,6,0.92
343,1,0
343,2,0
343,3,0
343,4,0
343,5,0.304
343,6,0.25
344,1,0
344,2,0
344,3,0
344,4,0
344,5,0.942
344,6,0.734
345,1,0
345,2,0
345,3,0
345,4,0
345,5,0.038
345,6,0.714
346,1,0
346,2,0
346,3,0
346,4,0
346,5,0.202
346,6,0.766
347,1,0
347,2,0
347,3,0
347,4,0
347,5,0.39
347,6,0.784
348,1,0
348,2,0
348,3,0
348,4,0
348,5,0.186
348,6,0.64
349,1,0
349,2,0
349,3,0
349,4,0
349,5,0.75
349,6,0.736
350,1,0
350,2,0
350,3,0
350,4,0
350,5,0.042
350,6,0.716
351,1,0
351,2,0
351,3,0
351,4,0
351,5,0.506
351,6,0.902
352,1,0
352,2,0
352,3,0
352,4,0
352,5,0.342
352,6,0.784
353,1,0
353,2,0
353,3,0
353,4,0
353,5,0.648
353,6,0.87
354,1,0
354,2,0
354,3,0
354,4,0
354,5,0.386
354,6,0.648
355,1,0
355,2,0
355,3,0
355,4,0
355,5,0.344
355,6,0.408
356,1,0
356,2,0
356,3,0
356,4,0
356,5,0.406
356,6,0.518
357,1,0
357,2,0
357,3,0
357,4,0
357,5,0.08400000000000001
357,6,0.414
358,1,0
358,2,0
358,3,0
358,4,0
358,5,0.094
358,6,0.45
359,1,0
359,2,0
359,3,0
359,4,0
359,5,0.31
359,6,0.77
360,1,0
360,2,0
360,3,0
360,4,0
360,5,0.328
360,6,0.606
361,1,0
361,2,0
361,3,0
361,4,0
361,5,0.238
361,6,0.6879999999999999
362,1,0
362,2,0
362,3,0
362,4,0
362,5,0.248
362,6,0.732
363,1,0
363,2,0
363,3,0
363,4,0
363,5,0.012
363,6,0.904
364,1,0
364,2,0
364,3,0
364,4,0
364,5,0.642
364,6,0.648
365,1,0
365,2,0
365,3,0
365,4,0
365,5,0.188
365,6,0.484
366,1,0
366,2,0
366,3,0
366,4,0
366,5,0.774
366,6,0.63
367,1,0
367,2,0
367,3,0
367,4,0
367,5,0.8120000000000001
367,6,0.756
368,1,0
368,2,0
368,3,0
368,4,0
368,5,0.078
368,6,0.706
369,1,0
369,2,0
369,3,0
369,4,0
369,5,0.466
369,6,0.08400000000000001
370,1,0
370,2,0
370,3,0
370,4,0
370,5,0.14
370,6,0.568
371,1,0
371,2,0
371,3,0
371,4,0
371,5,0.768
371,6,0.406
372,1,0
372,2,0
372,3,0
372,4,0
372,5,0.534
372,6,0.438
373,1,0
373,2,0
373,3,0
373,4,0
373,5,0.87
373,6,0.898
374,1,0
374,2,0
374,3,0
374,4,0
374,5,0.742
374,6,0.882
375,1,0
375,2,0
375,3,0
375,4,0
375,5,0.092
375,6,0.534
376,1,0
376,2,0
376,3,0
376,4,0
376,5,0.466
376,6,0.544
377,1,0
377,2,0
377,3,0
377,4,0
377,5,0.154
377,6,0.772
378,1,0
378,2,0
378,3,0
378,4,0
378,5,0.438
378,6,0.064
379,1,0
379,2,0
379,3,0
379,4,0
379,5,0.438
379,6,0.9379999999999999
380,1,0
380,2,0
380,3,0
380,4,0
380,5,0.392
380,6,0.904
381,1,0
381,2,0
381,3,0
381,4,0
381,5,0.92
381,6,0.856
382,1,0
382,2,0
382,3,0
382,4,0
382,5,0.152
382,6,0.274
383,1,0
383,2,0
383,3,0
383,4,0
383,5,0.6
383,6,0.454
384,1,0
384,2,0
384,3,0
384,4,0
384,5,0.776
384,6,0.844
385,1,0
385,2,0
385,3,0
385,4,0
385,5,0.48
385,6,0.616
386,1,0
386,2,0
386,3,0
386,4,0
386,5,0.408
386,6,0.644
387,1,0
387,2,0
387,3,0
387,4,0
387,5,0.314
387,6,0.67
388,1,0
388,2,0
388,3,0
388,4,0
388,5,0.454
388,6,0.646
389,1,0
389,2,0
389,3,0
389,4,0
389,5,0.08400000000000001
389,6,0.82
390,1,0
390,2,0
390,3,0
390,4,0
390,5,0.25
390,6,0.914
391,1,0
391,2,0
391,3,0
391,4,0
391,5,0.06
391,6,0.884
392,1,0
392,2,0
392,3,0
392,4,0
392,5,0.8120000000000001
392,6,0.55
393,1,0
393,2,0
393,3,0
393,4,0
393,5,0.212
393,6,0.246
394,1,0
394,2,0
394,3,0
394,4,0
394,5,0.06800000000000001
394,6,0.494
395,1,0
395,2,0
395,3,0
395,4,0
395,5,0.216
395,6,0.53
396,1,0
396,2,0
396,3,0
396,4,0
396,5,0.604
396,6,0.49
397,1,0
397,2,0
397,3,0
397,4,0
397,5,0.298
397,6,0.444
398,1,0
398,2,0
398,3,0
398,4,0
398,5,0.78
398,6,0.76
399,1,0
399,2,0
399,3,0
399,4,0
399,5,0.348
399,6,0.89
400,1,0
400,2,0
400,3,0
400,4,0
400,5,0.02
400,6,0.756
401,1,0
401,2,0
401,3,0
401,4,0
401,5,0.872
401,6,0.904
402,1,0
402,2,0
402,3,0
402,4,0
402,5,0.128
402,6,0.528
403,1,0
403,2,0
403,3,0
403,4,0
403,5,0.028
403,6,0.6760000000000001
404,1,0
404,2,0
404,3,0
404,4,0
404,5,0.668
404,6,0.922
405,1,0
405,2,0
405,3,0
405,4,0
405,5,0.514
405,6,0.23
406,1,0
406,2,0
406,3,0
406,4,0
406,5,0.666
406,6,0.494
407,1,0
407,2,0
407,3,0
407,4,0
407,5,0.334
407,6,0.888
408,1,0
408,2,0
408,3,0
408,4,0
408,5,0.862
408,6,0.744
409,1,0
409,2,0
409,3,0
409,4,0
409,5,0.184
409,6,0.122
410,1,0
410,2,0
410,3,0
410,4,0
410,5,0.25
410,6,0.21
411,1,0
411,2,0
411,3,0
411,4,0
411,5,0.162
411,6,0.6860000000000001
412,1,0
412,2,0
412,3,0
412,4,0
412,5,0.214
412,6,0.08
413,1,0
413,2,0
413,3,0
413,4,0
413,5,0.498
413,6,0.826
414,1,0
414,2,0
414,3,0
414,4,0
414,5,0.6780000000000001
414,6,0.424
415,1,0
415,2,0
415,3,0
415,4,0
415,5,0.45
415,6,0.5540000000000001
416,1,0
416,2,0
416,3,0
416,4,0
416,5,0.572
416,6,0.36
417,1,0
417,2,0
417,3,0
417,4,0
417,5,0.36
417,6,0.616
418,1,0
418,2,0
418,3,0
418,4,0
418,5,0
418,6,0.896
419,1,0
419,2,0
419,3,0
419,4,0
419,5,0.134
419,6,0.048
420,1,0
420,2,0
420,3,0
420,4,0
420,5,0.814
420,6,0.846
421,1,0
421,2,0
421,3,0
421,4,0
421,5,0.112
421,6,0.82
422,1,0
422,2,0
422,3,0
422,4,0
422,5,0.42
422,6,0.838
423,1,0
423,2,0
423,3,0
423,4,0
423,5,0.304
423,6,0.8120000000000001
424,1,0
424,2,0
424,3,0
424,4,0
424,5,0.82
424,6,0.416
425,1,0
425,2,0
425,3,0
425,4,0
425,5,0.002
425,6,0.738
426,1,0
426,2,0
426,3,0
426,4,0
426,5,0.08599999999999999
426,6,0.492
427,1,0
427,2,0
427,3,0
427,4,0
427,5,0.102
427,6,0.19
428,1,0
428,2,0
428,3,0
428,4,0
428,5,0.03
428,6,0.61
429,1,0
429,2,0
429,3,0
429,4,0
429,5,0.386
429,6,0.772
430,1,0
430,2,0
430,3,0
430,4,0
430,5,0.278
430,6,0.6879999999999999
431,1,0
431,2,0
431,3,0
431,4,0
431,5,0.122
431,6,0.58
432,1,0
432,2,0
432,3,0
432,4,0
432,5,0.306
432,6,0.666
433,1,0
433,2,0
433,3,0
433,4,0
433,5,0.082
433,6,0.356
434,1,0
434,2,0
434,3,0
434,4,0
434,5,0.724
434,6,0.962
435,1,0
435,2,0
435,3,0
435,4,0
435,5,0.112
435,6,0.444
436,1,0
436,2,0
436,3,0
436,4,0
436,5,0.162
436,6,0.764
437,1,0
437,2,0
437,3,0
437,4,0
437,5,0.332
437,6,0.658
438,1,0
438,2,0
438,3,0
438,4,0
438,5,0.256
438,6,0.924
439,1,0
439,2,0
439,3,0
439,4,0
439,5,0.432
439,6,0.78
440,1,0
440,2,0
440,3,0
440,4,0
440,5,0.022
440,6,0.5540000000000001
441,1,0
441,2,0
441,3,0
441,4,0
441,5,0.4
441,6,0.636
442,1,0
442,2,0
442,3,0
442,4,0
442,5,0.53
442,6,0.734
443,1,0
443,2,0
443,3,0
443,4,0
443,5,0.604
443,6,0.59
444,1,0
444,2,0
444,3,0
444,4,0
444,5,0.06
444,6,0.71
445,1,0
445,2,0
445,3,0
445,4,0
445,5,0.284
445,6,0.296
446,1,0
446,2,0
446,3,0
446,4,0
446,5,0.078
446,6,0.53
447,1,0
447,2,0
447,3,0
447,4,0
447,5,0.15
447,6,0.694
448,1,0
448,2,0
448,3,0
448,4,0
448,5,0.09
448,6,0.172
449,1,0
449,2,0
449,3,0
449,4,0
449,5,0.478
449,6,0.18
450,1,0
450,2,0
450,3,0
450,4,0
450,5,0.324
450,6,0.454
451,1,0
451,2,0
451,3,0
451,4,0
451,5,0.186
451,6,0.48
452,1,0
452,2,0
452,3,0
452,4,0
452,5,0.588
452,6,0.642
453,1,0
453,2,0
453,3,0
453,4,0
453,5,0.026
453,6,0.096
454,1,0
454,2,0
454,3,0
454,4,0
454,5,0.97
454,6,0.75
455,1,0
455,2,0
455,3,0
455,4,0
455,5,0.188
455,6,0.344
456,1,0
456,2,0
456,3,0
456,4,0
456,5,0.404
456,6,0.5540000000000001
457,1,0
457,2,0
457,3,0
457,4,0
457,5,0.666
457,6,0.8
458,1,0
458,2,0
458,3,0
458,4,0
458,5,0.058
458,6,0.358
459,1,0
459,2,0
459,3,0
459,4,0
459,5,0.178
459,6,0.092
460,1,0
460,2,0
460,3,0
460,4,0
460,5,0.598
460,6,0.774
461,1,0
461,2,0
461,3,0
461,4,0
461,5,0.16
461,6,0.132
462,1,0
462,2,0
462,3,0
462,4,0
462,5,0.58
462,6,0.822
463,1,0
463,2,0
463,3,0
463,4,0
463,5,0.15
463,6,0.318
464,1,0
464,2,0
464,3,0
464,4,0
464,5,0.752
464,6,0.598
465,1,0
465,2,0
465,3,0
465,4,0
465,5,0.288
465,6,0.048
466,1,0
466,2,0
466,3,0
466,4,0
466,5,0.134
466,6,0.49
467,1,0
467,2,0
467,3,0
467,4,0
467,5,0.472
467,6,0.308
468,1,0
468,2,0
468,3,0
468,4,0
468,5,0.016
468,6,0.732
469,1,0
469,2,0
469,3,0
469,4,0
469,5,0.052
469,6,0.3
470,1,0
470,2,0
470,3,0
470,4,0
470,5,0.114
470,6,0.188
471,1,0
471,2,0
471,3,0
471,4,0
471,5,0.032
471,6,0.764
472,1,0
472,2,0
472,3,0
472,4,0
472,5,0.396
472,6,0.082
473,1,0
473,2,0
473,3,0
473,4,0
473,5,0.116
473,6,0.312
474,1,0
474,2,0
474,3,0
474,4,0
474,5,0.736
474,6,0.9
475,1,0
475,2,0
475,3,0
475,4,0
475,5,0.034
475,6,0.47
476,1,0
476,2,0
476,3,0
476,4,0
476,5,0.19
476,6,0.75
477,1,0
477,2,0
477,3,0
477,4,0
477,5,0.262
477,6,0.364
478,1,0
478,2,0
478,3,0
478,4,0
478,5,0.496
478,6,0.866
479,1,0
479,2,0
479,3,0
479,4,0
479,5,0.024
479,6,0.606
480,1,0
480,2,0
480,3,0
480,4,0
480,5,0.4
480,6,0.754
481,1,0
481,2,0
481,3,0
481,4,0
481,5,0.464
481,6,0.908
482,1,0
482,2,0
482,3,0
482,4,0
482,5,0.176
482,6,0.878
483,1,0
483,2,0
483,3,0
483,4,0
483,5,0.534
483,6,0.5620000000000001
484,1,0
484,2,0
484,3,0
484,4,0
484,5,0.772
484,6,0.532
485,1,0
485,2,0
485,3,0
485,4,0
485,5,0.538
485,6,0.734
486,1,0
486,2,0
486,3,0
486,4,0
486,5,0.578
486,6,0.586
487,1,0
487,2,0
487,3,0
487,4,0
487,5,0.638
487,6,0.526
488,1,0
488,2,0
488,3,0
488,4,0
488,5,0.832
488,6,0.964
489,1,0
489,2,0
489,3,0
489,4,0
489,5,0.766
489,6,0.836
490,1,0
490,2,0
490,3,0
490,4,0
490,5,0.69
490,6,0.652
491,1,0
491,2,0
491,3,0
491,4,0
491,5,0.174
491,6,0.112
492,1,0
492,2,0
492,3,0
492,4,0
492,5,0.28
492,6,0.156
493,1,0
493,2,0
493,3,0
493,4,0
493,5,0.626
493,6,0.82
494,1,0
494,2,0
494,3,0
494,4,0
494,5,0.154
494,6,0.6800000000000001
495,1,0
495,2,0
495,3,0
495,4,0
495,5,0.004
495,6,0.8060000000000001
496,1,0
496,2,0
496,3,0
496,4,0
496,5,0.422
496,6,0.35
497,1,0
497,2,0
497,3,0
497,4,0
497,5,0.372
497,6,0.374
498,1,0
498,2,0
498,3,0
498,4,0
498,5,0.034
498,6,0.258
499,1,0
499,2,0
499,3,0
499,4,0
499,5,0.488
499,6,0.326
500,1,0
500,2,0
500,3,0
500,4,0
500,5,0.01
500,6,0.164
501,1,0
501,2,0
501,3,0
501,4,0
501,5,0.902
501,6,0.592
502,1,0
502,2,0
502,3,0
502,4,0
502,5,0.232
502,6,0.442
503,1,0
503,2,0
503,3,0
503,4,0
503,5,0.816
503,6,0.55
504,1,0
504,2,0
504,3,0
504,4,0
504,5,0.134
504,6,0.704
505,1,0
505,2,0
505,3,0
505,4,0
505,5,0.39
505,6,0.45
506,1,0
506,2,0
506,3,0
506,4,0
506,5,0.006
506,6,0.516
507,1,0
507,2,0
507,3,0
507,4,0
507,5,0.018
507,6,0.15
508,1,0
508,2,0
508,3,0
508,4,0
508,5,0.272
508,6,0.674
509,1,0
509,2,0
509,3,0
509,4,0
509,5,0.038
509,6,0.148
510,1,0
510,2,0
510,3,0
510,4,0
510,5,0.02
510,6,0.346
511,1,0
511,2,0
511,3,0
511,4,0
511,5,0.73
511,6,0.978
512,1,0
512,2,0
512,3,0
512,4,0
512,5,0.038
512,6,0.176
513,1,0
513,2,0
513,3,0
513,4,0
513,5,0.042
513,6,0.892
514,1,0
514,2,0
514,3,0
514,4,0
514,5,0.384
514,6,0.774
515,1,0
515,2,0
515,3,0
515,4,0
515,5,0.004
515,6,0.3
516,1,0
516,2,0
516,3,0
516,4,0
516,5,0.298
516,6,0.792
517,1,0
517,2,0
517,3,0
517,4,0
517,5,0.016
517,6,0.836
518,1,0
518,2,0
518,3,0
518,4,0
518,5,0.376
518,6,0.102
519,1,0
519,2,0
519,3,0
519,4,0
519,5,0.134
519,6,0.67
520,1,0
520,2,0
520,3,0
520,4,0
520,5,0.006
520,6,0.08400000000000001
521,1,0
521,2,0
521,3,0
521,4,0
521,5,0.008
521,6,0.718
522,1,0
522,2,0
522,3,0
522,4,0
522,5,0.022
522,6,0.842
523,1,0
523,2,0
523,3,0
523,4,0
523,5,0.06800000000000001
523,6,0.902
524,1,0
524,2,0
524,3,0
524,4,0
524,5,0.034
524,6,0.752
525,1,0
525,2,0
525,3,0
525,4,0
525,5,0.344
525,6,0.494
526,1,0
526,2,0
526,3,0
526,4,0
526,5,0.268
526,6,0.776
527,1,0
527,2,0
527,3,0
527,4,0
527,5,0.5620000000000001
527,6,0.576
528,1,0
528,2,0
528,3,0
528,4,0
528,5,0.388
528,6,0.546
529,1,0
529,2,0
529,3,0
529,4,0
529,5,0.014
529,6,0.702
530,1,0
530,2,0
530,3,0
530,4,0
530,5,0.916
530,6,0.76
531,1,0
531,2,0
531,3,0
531,4,0
531,5,0.852
531,6,0.918
532,1,0
532,2,0
532,3,0
532,4,0
532,5,0.626
532,6,0.898
533,1,0
533,2,0
533,3,0
533,4,0
533,5,0.66
533,6,0.488
534,1,0
534,2,0
534,3,0
534,4,0
534,5,0.034
534,6,0.776
535,1,0
535,2,0
535,3,0
535,4,0
535,5,0.692
535,6,0.674
536,1,0
536,2,0
536,3,0
536,4,0
536,5,0.246
536,6,0.544
537,1,0
537,2,0
537,3,0
537,4,0
537,5,0.29
537,6,0.128
538,1,0
538,2,0
538,3,0
538,4,0
538,5,0.2
538,6,0.294
539,1,0
539,2,0
539,3,0
539,4,0
539,5,0.728
539,6,0.962
540,1,0
540,2,0
540,3,0
540,4,0
540,5,0.3
540,6,0.352
541,1,0
541,2,0
541,3,0
541,4,0
541,5,0.712
541,6,0.538
542,1,0
542,2,0
542,3,0
542,4,0
542,5,0.08400000000000001
542,6,0.504
543,1,0
543,2,0
543,3,0
543,4,0
543,5,0.716
543,6,0.55
544,1,0
544,2,0
544,3,0
544,4,0
544,5,0.054
544,6,0.074
545,1,0
545,2,0
545,3,0
545,4,0
545,5,0.206
545,6,0.726
546,1,0
546,2,0
546,3,0
546,4,0
546,5,0.078
546,6,0.516
547,1,0
547,2,0
547,3,0
547,4,0
547,5,0.194
547,6,0.534
548,1,0
548,2,0
548,3,0
548,4,0
548,5,0.062
548,6,0.39
549,1,0
549,2,0
549,3,0
549,4,0
549,5,0.332
549,6,0.82
550,1,0
550,2,0
550,3,0
550,4,0
550,5,0.04
550,6,0.23
551,1,0
551,2,0
551,3,0
551,4,0
551,5,0.418
551,6,0.182
552,1,0
552,2,0
552,3,0
552,4,0
552,5,0.104
552,6,0.308
553,1,0
553,2,0
553,3,0
553,4,0
553,5,0.24
553,6,0.318
554,1,0
554,2,0
554,3,0
554,4,0
554,5,0.072
554,6,0.55
555,1,0
555,2,0
555,3,0
555,4,0
555,5,0.01
555,6,0.9260000000000001
556,1,0
556,2,0
556,3,0
556,4,0
556,5,0.37
556,6,0.848
557,1,0
557,2,0
557,3,0
557,4,0
557,5,0.008
557,6,0.404
558,1,0
558,2,0
558,3,0
558,4,0
558,5,0.32
558,6,0.894
559,1,0
559,2,0
559,3,0
559,4,0
559,5,0.476
559,6,0.796
560,1,0
560,2,0
560,3,0
560,4,0
560,5,0.434
560,6,0.08599999999999999
561,1,0
561,2,0
561,3,0
561,4,0
561,5,0.204
561,6,0.6760000000000001
562,1,0
562,2,0
562,3,0
562,4,0
562,5,0.184
562,6,0.9260000000000001
563,1,0
563,2,0
563,3,0
563,4,0
563,5,0.6879999999999999
563,6,0.674
564,1,0
564,2,0
564,3,0
564,4,0
564,5,0.04
564,6,0.37
565,1,0
565,2,0
565,3,0
565,4,0
565,5,0.232
565,6,0.504
566,1,0
566,2,0
566,3,0
566,4,0
566,5,0.106
566,6,0.564
567,1,0
567,2,0
567,3,0
567,4,0
567,5,0.228
567,6,0.956
568,1,0
568,2,0
568,3,0
568,4,0
568,5,0.572
568,6,0.454
569,1,0
569,2,0
569,3,0
569,4,0
569,5,0.134
569,6,0.128
570,1,0
570,2,0
570,3,0
570,4,0
570,5,0.01
570,6,0.6879999999999999
571,1,0
571,2,0
571,3,0
571,4,0
571,5,0.112
571,6,0.072
572,1,0
572,2,0
572,3,0
572,4,0
572,5,0.622
572,6,0.69
573,1,0
573,2,0
573,3,0
573,4,0
573,5,0.42
573,6,0.752
574,1,0
574,2,0
574,3,0
574,4,0
574,5,0.504
574,6,0.542
575,1,0
575,2,0
575,3,0
575,4,0
575,5,0.066
575,6,0.628
576,1,0
576,2,0
576,3,0
576,4,0
576,5,0.334
576,6,0.192
577,1,0
577,2,0
577,3,0
577,4,0
577,5,0.052
577,6,0.42
578,1,0
578,2,0
578,3,0
578,4,0
578,5,0.72
578,6,0.796
579,1,0
579,2,0
579,3,0
579,4,0
579,5,0.42
579,6,0.822
580,1,0
580,2,0
580,3,0
580,4,0
580,5,0.168
580,6,0.76
581,1,0
581,2,0
581,3,0
581,4,0
581,5,0.1
581,6,0.262
582,1,0
582,2,0
582,3,0
582,4,0
582,5,0.268
582,6,0.602
583,1,0
583,2,0
583,3,0
583,4,0
583,5,0.108
583,6,0.484
584,1,0
584,2,0
584,3,0
584,4,0
584,5,0.03
584,6,0.386
585,1,0
585,2,0
585,3,0
585,4,0
585,5,0.188
585,6,0.422
586,1,0
586,2,0
586,3,0
586,4,0
586,5,0.016
586,6,0.304
587,1,0
587,2,0
587,3,0
587,4,0
587,5,0.272
587,6,0.35
588,1,0
588,2,0
588,3,0
588,4,0
588,5,0.8100000000000001
588,6,0.71
589,1,0
589,2,0
589,3,0
589,4,0
589,5,0.836
589,6,0.762
590,1,0
590,2,0
590,3,0
590,4,0
590,5,0.788
590,6,0.9280000000000001
591,1,0
591,2,0
591,3,0
591,4,0
591,5,0.716
591,6,0.97
592,1,0
592,2,0
592,3,0
592,4,0
592,5,0.818
592,6,0.924
593,1,0
593,2,0
593,3,0
593,4,0
593,5,0.022
593,6,0.484
594,1,0
594,2,0
594,3,0
594,4,0
594,5,0.218
594,6,0.438
595,1,0
595,2,0
595,3,0
595,4,0
595,5,0.466
595,6,0.71
596,1,0
596,2,0
596,3,0
596,4,0
596,5,0.258
596,6,0.958
597,1,0
597,2,0
597,3,0
597,4,0
597,5,0.462
597,6,0.498
598,1,0
598,2,0
598,3,0
598,4,0
598,5,0.344
598,6,0.416
599,1,0
599,2,0
599,3,0
599,4,0
599,5,0.506
599,6,0.94
600,1,0
600,2,0
600,3,0
600,4,0
600,5,0.128
600,6,0.54
601,1,0
601,2,0
601,3,0
601,4,0
601,5,0.522
601,6,0.758
602,1,0
602,2,0
602,3,0
602,4,0
602,5,0.434
602,6,0.752
603,1,0
603,2,0
603,3,0
603,4,0
603,5,0.262
603,6,0.414
604,1,0
604,2,0
604,3,0
604,4,0
604,5,0.762
604,6,0.732
605,1,0
605,2,0
605,3,0
605,4,0
605,5,0.188
605,6,0.816
606,1,0
606,2,0
606,3,0
606,4,0
606,5,0.55
606,6,0.518
607,1,0
607,2,0
607,3,0
607,4,0
607,5,0.644
607,6,0.912
608,1,0
608,2,0
608,3,0
608,4,0
608,5,0.016
608,6,0.072
609,1,0
609,2,0
609,3,0
609,4,0
609,5,0.702
609,6,0.892
610,1,0
610,2,0
610,3,0
610,4,0
610,5,0.218
610,6,0.234
611,1,0
611,2,0
611,3,0
611,4,0
611,5,0.61
611,6,0.396
612,1,0
612,2,0
612,3,0
612,4,0
612,5,0.948
612,6,0.67
613,1,0
613,2,0
613,3,0
613,4,0
613,5,0.286
613,6,0.906
614,1,0
614,2,0
614,3,0
614,4,0
614,5,0.712
614,6,0.832
615,1,0
615,2,0
615,3,0
615,4,0
615,5,0.096
615,6,0.162
616,1,0
616,2,0
616,3,0
616,4,0
616,5,0.132
616,6,0.088
617,1,0
617,2,0
617,3,0
617,4,0
617,5,0.568
617,6,0.428
618,1,0
618,2,0
618,3,0
618,4,0
618,5,0.436
618,6,0.632
619,1,0
619,2,0
619,3,0
619,4,0
619,5,0.25
619,6,0.722
620,1,0
620,2,0
620,3,0
620,4,0
620,5,0.914
620,6,1
621,1,0
621,2,0
621,3,0
621,4,0
621,5,0.29
621,6,0.894
622,1,0
622,2,0
622,3,0
622,4,0
622,5,0.414
622,6,0.612
623,1,0
623,2,0
623,3,0
623,4,0
623,5,0.37
623,6,0.452
624,1,0
624,2,0
624,3,0
624,4,0
624,5,0.8080000000000001
624,6,0.36
625,1,0
625,2,0
625,3,0
625,4,0
625,5,0.092
625,6,0.63
626,1,0
626,2,0
626,3,0
626,4,0
626,5,0.6879999999999999
626,6,0.546
627,1,0
627,2,0
627,3,0
627,4,0
627,5,0.038
627,6,0.482
628,1,0
628,2,0
628,3,0
628,4,0
628,5,0.498
628,6,0.816
629,1,0
629,2,0
629,3,0
629,4,0
629,5,0.038
629,6,0.6840000000000001
630,1,0
630,2,0
630,3,0
630,4,0
630,5,0.182
630,6,0.8040000000000001
631,1,0
631,2,0
631,3,0
631,4,0
631,5,0.054
631,6,0.616
632,1,0
632,2,0
632,3,0
632,4,0
632,5,0.312
632,6,0.288
633,1,0
633,2,0
633,3,0
633,4,0
633,5,0.402
633,6,0.526
634,1,0
634,2,0
634,3,0
634,4,0
634,5,0.766
634,6,0.722
635,1,0
635,2,0
635,3,0
635,4,0
635,5,0.264
635,6,0.456
636,1,0
636,2,0
636,3,0
636,4,0
636,5,0.662
636,6,0.436
637,1,0
637,2,0
637,3,0
637,4,0
637,5,0.462
637,6,0.966
638,1,0
638,2,0
638,3,0
638,4,0
638,5,0.328
638,6,0.276
639,1,0
639,2,0
639,3,0
639,4,0
639,5,0.51
639,6,0.484
640,1,0
640,2,0
640,3,0
640,4,0
640,5,0.468
640,6,0.79
641,1,0
641,2,0
641,3,0
641,4,0
641,5,0.138
641,6,0.872
642,1,0
642,2,0
642,3,0
642,4,0
642,5,0.818
642,6,0.986
643,1,0
643,2,0
643,3,0
643,4,0
643,5,0.02
643,6,0.696
644,1,0
644,2,0
644,3,0
644,4,0
644,5,0.082
644,6,0.298
645,1,0
645,2,0
645,3,0
645,4,0
645,5,0.118
645,6,0.9320000000000001
646,1,0
646,2,0
646,3,0
646,4,0
646,5,0.92
646,6,0.706
647,1,0
647,2,0
647,3,0
647,4,0
647,5,0.168
647,6,0.12
648,1,0
648,2,0
648,3,0
648,4,0
648,5,0.504
648,6,0.99
649,1,0
649,2,0
649,3,0
649,4,0
649,5,0.056
649,6,0.716
650,1,0
650,2,0
650,3,0
650,4,0
650,5,0.61
650,6,0.75
651,1,0
651,2,0
651,3,0
651,4,0
651,5,0.082
651,6,0.656
652,1,0
652,2,0
652,3,0
652,4,0
652,5,0.066
652,6,0.794
653,1,0
653,2,0
653,3,0
653,4,0
653,5,0.308
653,6,0.896
654,1,0
654,2,0
654,3,0
654,4,0
654,5,0.026
654,6,0.332
655,1,0
655,2,0
655,3,0
655,4,0
655,5,0.476
655,6,0.48
656,1,0
656,2,0
656,3,0
656,4,0
656,5,0.152
656,6,0.526
657,1,0
657,2,0
657,3,0
657,4,0
657,5,0.202
657,6,0.608
658,1,0
658,2,0
658,3,0
658,4,0
658,5,0.524
658,6,0.256
659,1,0
659,2,0
659,3,0
659,4,0
659,5,0.004
659,6,0.548
660,1,0
660,2,0
660,3,0
660,4,0
660,5,0.994
660,6,0.902
661,1,0
661,2,0
661,3,0
661,4,0
661,5,0.01
661,6,0.832
662,1,0
662,2,0
662,3,0
662,4,0
662,5,0.492
662,6,0.538
663,1,0
663,2,0
663,3,0
663,4,0
663,5,0.58
663,6,0.876
664,1,0
664,2,0
664,3,0
664,4,0
664,5,0.002
664,6,0.08599999999999999
665,1,0
665,2,0
665,3,0
665,4,0
665,5,0.504
665,6,0.946
666,1,0
666,2,0
666,3,0
666,4,0
666,5,0.336
666,6,0.642
667,1,0
667,2,0
667,3,0
667,4,0
667,5,0.196
667,6,0.698
668,1,0
668,2,0
668,3,0
668,4,0
668,5,0.312
668,6,0.456
669,1,0
669,2,0
669,3,0
669,4,0
669,5,0.612
669,6,0.712
670,1,0
670,2,0
670,3,0
670,4,0
670,5,0.018
670,6,0.34
671,1,0
671,2,0
671,3,0
671,4,0
671,5,0.218
671,6,0.792
672,1,0
672,2,0
672,3,0
672,4,0
672,5,0.168
672,6,0.43
673,1,0
673,2,0
673,3,0
673,4,0
673,5,0.16
673,6,0.918
674,1,0
674,2,0
674,3,0
674,4,0
674,5,0.208
674,6,0.294
675,1,0
675,2,0
675,3,0
675,4,0
675,5,0.254
675,6,0.442
676,1,0
676,2,0
676,3,0
676,4,0
676,5,0.004
676,6,0.28
677,1,0
677,2,0
677,3,0
677,4,0
677,5,0.222
677,6,0.5540000000000001
678,1,0
678,2,0
678,3,0
678,4,0
678,5,0.704
678,6,0.754
679,1,0
679,2,0
679,3,0
679,4,0
679,5,0.72
679,6,0.8120000000000001
680,1,0
680,2,0
680,3,0
680,4,0
680,5,0.014
680,6,0.406
681,1,0
681,2,0
681,3,0
681,4,0
681,5,0.6860000000000001
681,6,0.96
682,1,0
682,2,0
682,3,0
682,4,0
682,5,0.144
682,6,0.5580000000000001
683,1,0
683,2,0
683,3,0
683,4,0
683,5,0.798
683,6,0.738
684,1,0
684,2,0
684,3,0
684,4,0
684,5,0.336
684,6,0.776
685,1,0
685,2,0
685,3,0
685,4,0
685,5,0.848
685,6,0.59
686,1,0
686,2,0
686,3,0
686,4,0
686,5,0.016
686,6,0.784
687,1,0
687,2,0
687,3,0
687,4,0
687,5,0.012
687,6,0.286
688,1,0
688,2,0
688,3,0
688,4,0
688,5,0.758
688,6,0.904
689,1,0
689,2,0
689,3,0
689,4,0
689,5,0.446
689,6,0.614
690,1,0
690,2,0
690,3,0
690,4,0
690,5,0.754
690,6,0.892
691,1,0
691,2,0
691,3,0
691,4,0
691,5,0.402
691,6,0.51
692,1,0
692,2,0
692,3,0
692,4,0
692,5,0.912
692,6,0.282
693,1,0
693,2,0
693,3,0
693,4,0
693,5,0.042
693,6,0.488
694,1,0
694,2,0
694,3,0
694,4,0
694,5,0.272
694,6,0.794
695,1,0
695,2,0
695,3,0
695,4,0
695,5,0.882
695,6,0.898
696,1,0
696,2,0
696,3,0
696,4,0
696,5,0.508
696,6,0.62
697,1,0
697,2,0
697,3,0
697,4,0
697,5,0.44
697,6,0.528
698,1,0
698,2,0
698,3,0
698,4,0
698,5,0.23
698,6,0.244
699,1,0
699,2,0
699,3,0
699,4,0
699,5,0.306
699,6,0.638
700,1,0
700,2,0
700,3,0
700,4,0
700,5,0.896
700,6,0.188
701,1,0
701,2,0
701,3,0
701,4,0
701,5,0.848
701,6,0.668
702,1,0
702,2,0
702,3,0
702,4,0
702,5,0.972
702,6,0.742
703,1,0
703,2,0
703,3,0
703,4,0
703,5,0.09
703,6,0.726
704,1,0
704,2,0
704,3,0
704,4,0
704,5,0.354
704,6,0.5600000000000001
705,1,0
705,2,0
705,3,0
705,4,0
705,5,0.694
705,6,0.9340000000000001
706,1,0
706,2,0
706,3,0
706,4,0
706,5,0.5580000000000001
706,6,0.824
707,1,0
707,2,0
707,3,0
707,4,0
707,5,0.972
707,6,0.8060000000000001
708,1,0
708,2,0
708,3,0
708,4,0
708,5,0.08
708,6,0.316
709,1,0
709,2,0
709,3,0
709,4,0
709,5,0.422
709,6,0.6780000000000001
710,1,0
710,2,0
710,3,0
710,4,0
710,5,0.21
710,6,0.468
711,1,0
711,2,0
711,3,0
711,4,0
711,5,0.22
711,6,0.72
712,1,0
712,2,0
712,3,0
712,4,0
712,5,0.04
712,6,0.392
713,1,0
713,2,0
713,3,0
713,4,0
713,5,0.438
713,6,0.26
714,1,0
714,2,0
714,3,0
714,4,0
714,5,0.076
714,6,0.486
715,1,0
715,2,0
715,3,0
715,4,0
715,5,0.332
715,6,0.168
716,1,0
716,2,0
716,3,0
716,4,0
716,5,0.448
716,6,0.438
717,1,0
717,2,0
717,3,0
717,4,0
717,5,0.568
717,6,0.888
718,1,0
718,2,0
718,3,0
718,4,0
718,5,0.034
718,6,0.72
719,1,0
719,2,0
719,3,0
719,4,0
719,5,0.016
719,6,0.008
720,1,0
720,2,0
720,3,0
720,4,0
720,5,0.672
720,6,0.336
721,1,0
721,2,0
721,3,0
721,4,0
721,5,0.1
721,6,0.666
722,1,0
722,2,0
722,3,0
722,4,0
722,5,0.186
722,6,0.194
723,1,0
723,2,0
723,3,0
723,4,0
723,5,0.002
723,6,0.5620000000000001
724,1,0
724,2,0
724,3,0
724,4,0
724,5,0.324
724,6,0.962
725,1,0
725,2,0
725,3,0
725,4,0
725,5,0.13
725,6,0.822
726,1,0
726,2,0
726,3,0
726,4,0
726,5,0.296
726,6,0.55
727,1,0
727,2,0
727,3,0
727,4,0
727,5,0.588
727,6,0.456
728,1,0
728,2,0
728,3,0
728,4,0
728,5,0.504
728,6,0.63
729,1,0
729,2,0
729,3,0
729,4,0
729,5,0.588
729,6,0.6800000000000001
730,1,0
730,2,0
730,3,0
730,4,0
730,5,0.006
730,6,0.598
731,1,0
731,2,0
731,3,0
731,4,0
731,5,0.124
731,6,0.238
732,1,0
732,2,0
732,3,0
732,4,0
732,5,0.092
732,6,0.592
733,1,0
733,2,0
733,3,0
733,4,0
733,5,0.05
733,6,0.384
734,1,0
734,2,0
734,3,0
734,4,0
734,5,0.69
734,6,0.844
735,1,0
735,2,0
735,3,0
735,4,0
735,5,0
735,6,0.622
736,1,0
736,2,0
736,3,0
736,4,0
736,5,0.692
736,6,0.878
737,1,0
737,2,0
737,3,0
737,4,0
737,5,0.642
737,6,0.166
738,1,0
738,2,0
738,3,0
738,4,0
738,5,0.348
738,6,0.8100000000000001
739,1,0
739,2,0
739,3,0
739,4,0
739,5,0.338
739,6,0.6760000000000001
740,1,0
740,2,0
740,3,0
740,4,0
740,5,0.252
740,6,0.674
741,1,0
741,2,0
741,3,0
741,4,0
741,5,0.9300000000000001
741,6,0.9280000000000001
742,1,0
742,2,0
742,3,0
742,4,0
742,5,0.956
742,6,0.902
743,1,0
743,2,0
743,3,0
743,4,0
743,5,0.03
743,6,0.978
744,1,0
744,2,0
744,3,0
744,4,0
744,5,0
744,6,0.5540000000000001
745,1,0
745,2,0
745,3,0
745,4,0
745,5,0.106
745,6,0.412
746,1,0
746,2,0
746,3,0
746,4,0
746,5,0.114
746,6,0.87
747,1,0
747,2,0
747,3,0
747,4,0
747,5,0.124
747,6,0.102
748,1,0
748,2,0
748,3,0
748,4,0
748,5,0.176
748,6,0.59
749,1,0
749,2,0
749,3,0
749,4,0
749,5,0.016
749,6,0.618
750,1,0
750,2,0
750,3,0
750,4,0
750,5,0.436
750,6,0.742
751,1,0
751,2,0
751,3,0
751,4,0
751,5,0.624
751,6,0.796
752,1,0
752,2,0
752,3,0
752,4,0
752,5,0.064
752,6,0.262
753,1,0
753,2,0
753,3,0
753,4,0
753,5,0.066
753,6,0.998
754,1,0
754,2,0
754,3,0
754,4,0
754,5,0.44
754,6,0.774
755,1,0
755,2,0
755,3,0
755,4,0
755,5,0.724
755,6,0.954
756,1,0
756,2,0
756,3,0
756,4,0
756,5,0.004
756,6,0.77
757,1,0
757,2,0
757,3,0
757,4,0
757,5,0.35
757,6,0.722
758,1,0
758,2,0
758,3,0
758,4,0
758,5,0.738
758,6,0.362
759,1,0
759,2,0
759,3,0
759,4,0
759,5,0.022
759,6,0.374
760,1,0
760,2,0
760,3,0
760,4,0
760,5,0.134
760,6,0.876
761,1,0
761,2,0
761,3,0
761,4,0
761,5,0.3
761,6,0.9379999999999999
762,1,0
762,2,0
762,3,0
762,4,0
762,5,0.644
762,6,0.952
763,1,0
763,2,0
763,3,0
763,4,0
763,5,0.206
763,6,0.174
764,1,0
764,2,0
764,3,0
764,4,0
764,5,0.532
764,6,0.25
765,1,0
765,2,0
765,3,0
765,4,0
765,5,0.166
765,6,0.19
766,1,0
766,2,0
766,3,0
766,4,0
766,5,0.482
766,6,0.91
767,1,0
767,2,0
767,3,0
767,4,0
767,5,0.576
767,6,0.178
768,1,0
768,2,0
768,3,0
768,4,0
768,5,0.966
768,6,0.6800000000000001
769,1,0
769,2,0
769,3,0
769,4,0
769,5,0.502
769,6,0.67
770,1,0
770,2,0
770,3,0
770,4,0
770,5,0.472
770,6,0.998
771,1,0
771,2,0
771,3,0
771,4,0
771,5,0.002
771,6,0.8120000000000001
772,1,0
772,2,0
772,3,0
772,4,0
772,5,0.516
772,6,0.114
773,1,0
773,2,0
773,3,0
773,4,0
773,5,0.046
773,6,0.92
774,1,0
774,2,0
774,3,0
774,4,0
774,5,0.16
774,6,0.57
775,1,0
775,2,0
775,3,0
775,4,0
775,5,0.826
775,6,0.358
776,1,0
776,2,0
776,3,0
776,4,0
776,5,0.078
776,6,0.386
777,1,0
777,2,0
777,3,0
777,4,0
777,5,0.816
777,6,0.82
778,1,0
778,2,0
778,3,0
778,4,0
778,5,0.494
778,6,0.834
779,1,0
779,2,0
779,3,0
779,4,0
779,5,0.634
779,6,0.944
780,1,0
780,2,0
780,3,0
780,4,0
780,5,0.384
780,6,0.164
781,1,0
781,2,0
781,3,0
781,4,0
781,5,0
781,6,0.152
782,1,0
782,2,0
782,3,0
782,4,0
782,5,0.2
782,6,0.888
783,1,0
783,2,0
783,3,0
783,4,0
783,5,0.044
783,6,0.346
784,1,0
784,2,0
784,3,0
784,4,0
784,5,0.02
784,6,0.122
785,1,0
785,2,0
785,3,0
785,4,0
785,5,0.484
785,6,0.694
786,1,0
786,2,0
786,3,0
786,4,0
786,5,0.162
786,6,0.274
787,1,0
787,2,0
787,3,0
787,4,0
787,5,0.878
787,6,0.82
788,1,0
788,2,0
788,3,0
788,4,0
788,5,0.18
788,6,0.704
789,1,0
789,2,0
789,3,0
789,4,0
789,5,0.326
789,6,0.57
790,1,0
790,2,0
790,3,0
790,4,0
790,5,0.584
790,6,0.602
791,1,0
791,2,0
791,3,0
791,4,0
791,5,0.662
791,6,0.726
792,1,0
792,2,0
792,3,0
792,4,0
792,5,0.124
792,6,0.792
793,1,0
793,2,0
793,3,0
793,4,0
793,5,0.194
793,6,0.336
794,1,0
794,2,0
794,3,0
794,4,0
794,5,0.114
794,6,0.456
795,1,0
795,2,0
795,3,0
795,4,0
795,5,0.744
795,6,0.632
796,1,0
796,2,0
796,3,0
796,4,0
796,5,0.114
796,6,0.886
797,1,0
797,2,0
797,3,0
797,4,0
797,5,0.076
797,6,0.544
798,1,0
798,2,0
798,3,0
798,4,0
798,5,0.004
798,6,0.414
799,1,0
799,2,0
799,3,0
799,4,0
799,5,0.9
799,6,0.704
800,1,0
800,2,0
800,3,0
800,4,0
800,5,0.124
800,6,0.896
801,1,0
801,2,0
801,3,0
801,4,0
801,5,0.346
801,6,0.512
802,1,0
802,2,0
802,3,0
802,4,0
802,5,0.298
802,6,0.898
803,1,0
803,2,0
803,3,0
803,4,0
803,5,0
803,6,0.058
804,1,0
804,2,0
804,3,0
804,4,0
804,5,0.37
804,6,0.39
805,1,0
805,2,0
805,3,0
805,4,0
805,5,0.622
805,6,0.306
806,1,0
806,2,0
806,3,0
806,4,0
806,5,0.128
806,6,0.216
807,1,0
807,2,0
807,3,0
807,4,0
807,5,0.042
807,6,0.844
808,1,0
808,2,0
808,3,0
808,4,0
808,5,0.292
808,6,0.416
809,1,0
809,2,0
809,3,0
809,4,0
809,5,0.712
809,6,0.566
810,1,0
810,2,0
810,3,0
810,4,0
810,5,0.138
810,6,0.49
811,1,0
811,2,0
811,3,0
811,4,0
811,5,0.076
811,6,0.386
812,1,0
812,2,0
812,3,0
812,4,0
812,5,0.024
812,6,0.128
813,1,0
813,2,0
813,3,0
813,4,0
813,5,0.312
813,6,0.528
814,1,0
814,2,0
814,3,0
814,4,0
814,5,0.012
814,6,0.37
815,1,0
815,2,0
815,3,0
815,4,0
815,5,0.51
815,6,0.652
816,1,0
816,2,0
816,3,0
816,4,0
816,5,0.982
816,6,0.962
817,1,0
817,2,0
817,3,0
817,4,0
817,5,0.396
817,6,0.892
818,1,0
818,2,0
818,3,0
818,4,0
818,5,0.79
818,6,0.902
819,1,0
819,2,0
819,3,0
819,4,0
819,5,0.822
819,6,0.612
820,1,0
820,2,0
820,3,0
820,4,0
820,5,0.348
820,6,0.398
821,1,0
821,2,0
821,3,0
821,4,0
821,5,0.214
821,6,0.95
822,1,0
822,2,0
822,3,0
822,4,0
822,5,0.786
822,6,0.652
823,1,0
823,2,0
823,3,0
823,4,0
823,5,0.914
823,6,0.89
824,1,0
824,2,0
824,3,0
824,4,0
824,5,0.006
824,6,0.572
825,1,0
825,2,0
825,3,0
825,4,0
825,5,0.142
825,6,0.704
826,1,0
826,2,0
826,3,0
826,4,0
826,5,0.126
826,6,0.264
827,1,0
827,2,0
827,3,0
827,4,0
827,5,0.298
827,6,0.974
828,1,0
828,2,0
828,3,0
828,4,0
828,5,0.004
828,6,0.256
829,1,0
829,2,0
829,3,0
829,4,0
829,5,0.504
829,6,0.632
830,1,0
830,2,0
830,3,0
830,4,0
830,5,0.09
830,6,0.668
831,1,0
831,2,0
831,3,0
831,4,0
831,5,0.034
831,6,0.326
832,1,0
832,2,0
832,3,0
832,4,0
832,5,0.118
832,6,0.644
833,1,0
833,2,0
833,3,0
833,4,0
833,5,0.006
833,6,0.99
834,1,0
834,2,0
834,3,0
834,4,0
834,5,0.53
834,6,0.72
835,1,0
835,2,0
835,3,0
835,4,0
835,5,0.264
835,6,0.952
836,1,0
836,2,0
836,3,0
836,4,0
836,5,0.1
836,6,0.854
837,1,0
837,2,0
837,3,0
837,4,0
837,5,0.236
837,6,0.664
838,1,0
838,2,0
838,3,0
838,4,0
838,5,0.172
838,6,0.674
839,1,0
839,2,0
839,3,0
839,4,0
839,5,0.666
839,6,0.5620000000000001
840,1,0
840,2,0
840,3,0
840,4,0
840,5,0.06800000000000001
840,6,0.296
841,1,0
841,2,0
841,3,0
841,4,0
841,5,0.37
841,6,0.77
842,1,0
842,2,0
842,3,0
842,4,0
842,5,0.6820000000000001
842,6,0.858
843,1,0
843,2,0
843,3,0
843,4,0
843,5,0.11
843,6,0.584
844,1,0
844,2,0
844,3,0
844,4,0
844,5,0.412
844,6,0.726
845,1,0
845,2,0
845,3,0
845,4,0
845,5,0.708
845,6,0.908
846,1,0
846,2,0
846,3,0
846,4,0
846,5,0.524
846,6,0.9379999999999999
847,1,0
847,2,0
847,3,0
847,4,0
847,5,0.066
847,6,0.182
848,1,0
848,2,0
848,3,0
848,4,0
848,5,0.1
848,6,0.9280000000000001
849,1,0
849,2,0
849,3,0
849,4,0
849,5,0.006
849,6,0.548
850,1,0
850,2,0
850,3,0
850,4,0
850,5,0.318
850,6,0.272
851,1,0
851,2,0
851,3,0
851,4,0
851,5,0.396
851,6,0.418
852,1,0
852,2,0
852,3,0
852,4,0
852,5,0.462
852,6,0.724
853,1,0
853,2,0
853,3,0
853,4,0
853,5,0.044
853,6,0.11
854,1,0
854,2,0
854,3,0
854,4,0
854,5,0.076
854,6,0.008
855,1,0
855,2,0
855,3,0
855,4,0
855,5,0.198
855,6,0.776
856,1,0
856,2,0
856,3,0
856,4,0
856,5,0.546
856,6,0.748
857,1,0
857,2,0
857,3,0
857,4,0
857,5,0.074
857,6,0.666
858,1,0
858,2,0
858,3,0
858,4,0
858,5,0.078
858,6,0.31
859,1,0
859,2,0
859,3,0
859,4,0
859,5,0.456
859,6,0.836
860,1,0
860,2,0
860,3,0
860,4,0
860,5,0.464
860,6,0.856
861,1,0
861,2,0
861,3,0
861,4,0
861,5,0.072
861,6,0.508
862,1,0
862,2,0
862,3,0
862,4,0
862,5,0.594
862,6,0.8120000000000001
863,1,0
863,2,0
863,3,0
863,4,0
863,5,0.128
863,6,0.782
864,1,0
864,2,0
864,3,0
864,4,0
864,5,0.298
864,6,0.424
865,1,0
865,2,0
865,3,0
865,4,0
865,5,0.954
865,6,0.962
866,1,0
866,2,0
866,3,0
866,4,0
866,5,0.5540000000000001
866,6,0.46
867,1,0
867,2,0
867,3,0
867,4,0
867,5,0.076
867,6,0.32
868,1,0
868,2,0
868,3,0
868,4,0
868,5,0.018
868,6,0.766
869,1,0
869,2,0
869,3,0
869,4,0
869,5,0.18
869,6,0.57
870,1,0
870,2,0
870,3,0
870,4,0
870,5,0.352
870,6,0.46
871,1,0
871,2,0
871,3,0
871,4,0
871,5,0.786
871,6,0.59
872,1,0
872,2,0
872,3,0
872,4,0
872,5,0.05
872,6,0.746
873,1,0
873,2,0
873,3,0
873,4,0
873,5,0.544
873,6,0.206
874,1,0
874,2,0
874,3,0
874,4,0
874,5,0.502
874,6,0.582
875,1,0
875,2,0
875,3,0
875,4,0
875,5,0.454
875,6,0.888
876,1,0
876,2,0
876,3,0
876,4,0
876,5,0
876,6,0.912
877,1,0
877,2,0
877,3,0
877,4,0
877,5,0.182
877,6,0.604
878,1,0
878,2,0
878,3,0
878,4,0
878,5,0.744
878,6,0.508
879,1,0
879,2,0
879,3,0
879,4,0
879,5,0.626
879,6,0.584
880,1,0
880,2,0
880,3,0
880,4,0
880,5,0.672
880,6,0.664
881,1,0
881,2,0
881,3,0
881,4,0
881,5,0.002
881,6,0.762
882,1,0
882,2,0
882,3,0
882,4,0
882,5,0.138
882,6,0.036
883,1,0
883,2,0
883,3,0
883,4,0
883,5,0.082
883,6,0.772
884,1,0
884,2,0
884,3,0
884,4,0
884,5,0.234
884,6,0.794
885,1,0
885,2,0
885,3,0
885,4,0
885,5,0.036
885,6,0.164
886,1,0
886,2,0
886,3,0
886,4,0
886,5,0.018
886,6,0.796
887,1,0
887,2,0
887,3,0
887,4,0
887,5,0.126
887,6,0.282
888,1,0
888,2,0
888,3,0
888,4,0
888,5,0.668
888,6,0.85
889,1,0
889,2,0
889,3,0
889,4,0
889,5,0.002
889,6,0.358
890,1,0
890,2,0
890,3,0
890,4,0
890,5,0.332
890,6,0.244
891,1,0
891,2,0
891,3,0
891,4,0
891,5,0.056
891,6,0.604
892,1,0
892,2,0
892,3,0
892,4,0
892,5,0.694
892,6,0.35
893,1,0
893,2,0
893,3,0
893,4,0
893,5,0.342
893,6,0.462
894,1,0
894,2,0
894,3,0
894,4,0
894,5,0.8
894,6,0.906
895,1,0
895,2,0
895,3,0
895,4,0
895,5,0.344
895,6,0.798
896,1,0
896,2,0
896,3,0
896,4,0
896,5,0.44
896,6,0.792
897,1,0
897,2,0
897,3,0
897,4,0
897,5,0.016
897,6,0.028
898,1,0
898,2,0
898,3,0
898,4,0
898,5,0.596
898,6,0.462
899,1,0
899,2,0
899,3,0
899,4,0
899,5,0.076
899,6,0.698
900,1,0
900,2,0
900,3,0
900,4,0
900,5,0.05
900,6,0.9340000000000001
901,1,0
901,2,0
901,3,0
901,4,0
901,5,0.136
901,6,0.424
902,1,0
902,2,0
902,3,0
902,4,0
902,5,0.17
902,6,0.828
903,1,0
903,2,0
903,3,0
903,4,0
903,5,0.25
903,6,0.606
904,1,0
904,2,0
904,3,0
904,4,0
904,5,0.462
904,6,0.592
905,1,0
905,2,0
905,3,0
905,4,0
905,5,0.464
905,6,0.438
906,1,0
906,2,0
906,3,0
906,4,0
906,5,0.83
906,6,0.862
907,1,0
907,2,0
907,3,0
907,4,0
907,5,0.698
907,6,0.268
908,1,0
908,2,0
908,3,0
908,4,0
908,5,0.622
908,6,0.984
909,1,0
909,2,0
909,3,0
909,4,0
909,5,0.108
909,6,0.33
910,1,0
910,2,0
910,3,0
910,4,0
910,5,0.108
910,6,0.448
911,1,0
911,2,0
911,3,0
911,4,0
911,5,0.174
911,6,0.6820000000000001
912,1,0
912,2,0
912,3,0
912,4,0
912,5,0.5560000000000001
912,6,0.752
913,1,0
913,2,0
913,3,0
913,4,0
913,5,0.912
913,6,0.94
914,1,0
914,2,0
914,3,0
914,4,0
914,5,0
914,6,0.1
915,1,0
915,2,0
915,3,0
915,4,0
915,5,0.138
915,6,0.18
916,1,0
916,2,0
916,3,0
916,4,0
916,5,0.672
916,6,0.066
917,1,0
917,2,0
917,3,0
917,4,0
917,5,0.144
917,6,0.414
918,1,0
918,2,0
918,3,0
918,4,0
918,5,0.062
918,6,0.914
919,1,0
919,2,0
919,3,0
919,4,0
919,5,0.184
919,6,0.698
920,1,0
920,2,0
920,3,0
920,4,0
920,5,0.828
920,6,0.798
921,1,0
921,2,0
921,3,0
921,4,0
921,5,0.06
921,6,0.63
922,1,0
922,2,0
922,3,0
922,4,0
922,5,0.478
922,6,0.496
923,1,0
923,2,0
923,3,0
923,4,0
923,5,0.128
923,6,0.824
924,1,0
924,2,0
924,3,0
924,4,0
924,5,0.73
924,6,0.984
925,1,0
925,2,0
925,3,0
925,4,0
925,5,0.94
925,6,0.982
926,1,0
926,2,0
926,3,0
926,4,0
926,5,0.384
926,6,0.846
927,1,0
927,2,0
927,3,0
927,4,0
927,5,0.188
927,6,0.9340000000000001
928,1,0
928,2,0
928,3,0
928,4,0
928,5,0.008
928,6,0.758
929,1,0
929,2,0
929,3,0
929,4,0
929,5,0.266
929,6,0.384
930,1,0
930,2,0
930,3,0
930,4,0
930,5,0.066
930,6,0.654
931,1,0
931,2,0
931,3,0
931,4,0
931,5,0.06
931,6,0.448
932,1,0
932,2,0
932,3,0
932,4,0
932,5,0.05
932,6,0.316
933,1,0
933,2,0
933,3,0
933,4,0
933,5,0.02
933,6,0.798
934,1,0
934,2,0
934,3,0
934,4,0
934,5,0.328
934,6,0.61
935,1,0
935,2,0
935,3,0
935,4,0
935,5,0.8020000000000001
935,6,0.822
936,1,0
936,2,0
936,3,0
936,4,0
936,5,0.252
936,6,0.748
937,1,0
937,2,0
937,3,0
937,4,0
937,5,0.472
937,6,0.532
938,1,0
938,2,0
938,3,0
938,4,0
938,5,0.6820000000000001
938,6,0.726
939,1,0
939,2,0
939,3,0
939,4,0
939,5,0.058
939,6,0.418
940,1,0
940,2,0
940,3,0
940,4,0
940,5,0.022
940,6,0.844
941,1,0
941,2,0
941,3,0
941,4,0
941,5,0.294
941,6,0.898
942,1,0
942,2,0
942,3,0
942,4,0
942,5,0.008
942,6,0.014
943,1,0
943,2,0
943,3,0
943,4,0
943,5,0.13
943,6,0.232
944,1,0
944,2,0
944,3,0
944,4,0
944,5,0.798
944,6,0.842
945,1,0
945,2,0
945,3,0
945,4,0
945,5,0.154
945,6,0.256
946,1,0
946,2,0
946,3,0
946,4,0
946,5,0.47
946,6,0.566
947,1,0
947,2,0
947,3,0
947,4,0
947,5,0.102
947,6,0.602
948,1,0
948,2,0
948,3,0
948,4,0
948,5,0.228
948,6,0.782
949,1,0
949,2,0
949,3,0
949,4,0
949,5,0.7
949,6,0.308
950,1,0
950,2,0
950,3,0
950,4,0
950,5,0.238
950,6,0.058
951,1,0
951,2,0
951,3,0
951,4,0
951,5,0.574
951,6,0.156
952,1,0
952,2,0
952,3,0
952,4,0
952,5,0.08
952,6,0.9340000000000001
953,1,0
953,2,0
953,3,0
953,4,0
953,5,0.588
953,6,0.744
954,1,0
954,2,0
954,3,0
954,4,0
954,5,0.08
954,6,0.274
955,1,0
955,2,0
955,3,0
955,4,0
955,5,0.496
955,6,0.46
956,1,0
956,2,0
956,3,0
956,4,0
956,5,0.054
956,6,0.122
957,1,0
957,2,0
957,3,0
957,4,0
957,5,0.85
957,6,0.902
958,1,0
958,2,0
958,3,0
958,4,0
958,5,0.91
958,6,0.75
959,1,0
959,2,0
959,3,0
959,4,0
959,5,0.176
959,6,0.504
960,1,0
960,2,0
960,3,0
960,4,0
960,5,0.186
960,6,0.746
961,1,0
961,2,0
961,3,0
961,4,0
961,5,0.62
961,6,0.908
962,1,0
962,2,0
962,3,0
962,4,0
962,5,0.04
962,6,0.9280000000000001
963,1,0
963,2,0
963,3,0
963,4,0
963,5,0.098
963,6,0.278
964,1,0
964,2,0
964,3,0
964,4,0
964,5,0.402
964,6,0.592
965,1,0
965,2,0
965,3,0
965,4,0
965,5,0.286
965,6,0.13
966,1,0
966,2,0
966,3,0
966,4,0
966,5,0.534
966,6,0.616
967,1,0
967,2,0
967,3,0
967,4,0
967,5,0.2
967,6,0.436
968,1,0
968,2,0
968,3,0
968,4,0
968,5,0.078
968,6,0.9340000000000001
969,1,0
969,2,0
969,3,0
969,4,0
969,5,0.22
969,6,0.41
970,1,0
970,2,0
970,3,0
970,4,0
970,5,0
970,6,0.55
971,1,0
971,2,0
971,3,0
971,4,0
971,5,0.07000000000000001
971,6,0.356
972,1,0
972,2,0
972,3,0
972,4,0
972,5,0.224
972,6,0.522
973,1,0
973,2,0
973,3,0
973,4,0
973,5,0.424
973,6,0.648
974,1,0
974,2,0
974,3,0
974,4,0
974,5,0.448
974,6,0.58
975,1,0
975,2,0
975,3,0
975,4,0
975,5,0.442
975,6,0.366
976,1,0
976,2,0
976,3,0
976,4,0
976,5,0.762
976,6,0.704
977,1,0
977,2,0
977,3,0
977,4,0
977,5,0.8020000000000001
977,6,0.788
978,1,0
978,2,0
978,3,0
978,4,0
978,5,0.578
978,6,0.79
979,1,0
979,2,0
979,3,0
979,4,0
979,5,0.77
979,6,0.908
980,1,0
980,2,0
980,3,0
980,4,0
980,5,0.074
980,6,0.274
981,1,0
981,2,0
981,3,0
981,4,0
981,5,0.716
981,6,0.672
982,1,0
982,2,0
982,3,0
982,4,0
982,5,0.826
982,6,0.892
983,1,0
983,2,0
983,3,0
983,4,0
983,5,0.108
983,6,0.286
984,1,0
984,2,0
984,3,0
984,4,0
984,5,0.2
984,6,0.644
985,1,0
985,2,0
985,3,0
985,4,0
985,5,0.168
985,6,0.5580000000000001
986,1,0
986,2,0
986,3,0
986,4,0
986,5,0.89
986,6,0.818
987,1,0
987,2,0
987,3,0
987,4,0
987,5,0.04
987,6,0.37
988,1,0
988,2,0
988,3,0
988,4,0
988,5,0.566
988,6,0.872
989,1,0
989,2,0
989,3,0
989,4,0
989,5,0.748
989,6,0.57
990,1,0
990,2,0
990,3,0
990,4,0
990,5,0.06
990,6,0.644
991,1,0
991,2,0
991,3,0
991,4,0
991,5,0.248
991,6,0.918
992,1,0
992,2,0
992,3,0
992,4,0
992,5,0.564
992,6,0.498
993,1,0
993,2,0
993,3,0
993,4,0
993,5,0.106
993,6,0.166
994,1,0
994,2,0
994,3,0
994,4,0
994,5,0.732
994,6,0.576
995,1,0
995,2,0
995,3,0
995,4,0
995,5,0.54
995,6,0.572
996,1,0
996,2,0
996,3,0
996,4,0
996,5,0.184
996,6,0.92
997,1,0
997,2,0
997,3,0
997,4,0
997,5,0.082
997,6,0.42
998,1,0
998,2,0
998,3,0
998,4,0
998,5,0.424
998,6,0.76
999,1,0
999,2,0
999,3,0
999,4,0
999,5,0.006
999,6,0.536
1000,1,0
1000,2,0
1000,3,0
1000,4,0
1000,5,0.446
1000,6,0.522
